CREATE DATABASE  IF NOT EXISTS `techno_online` /*!40100 DEFAULT CHARACTER SET latin1 */;
USE `techno_online`;
-- MySQL dump 10.13  Distrib 5.6.28, for debian-linux-gnu (x86_64)
--
-- Host: 127.0.0.1    Database: techno_online
-- ------------------------------------------------------
-- Server version	5.6.28-0ubuntu0.15.10.1

/*!40101 SET @OLD_CHARACTER_SET_CLIENT=@@CHARACTER_SET_CLIENT */;
/*!40101 SET @OLD_CHARACTER_SET_RESULTS=@@CHARACTER_SET_RESULTS */;
/*!40101 SET @OLD_COLLATION_CONNECTION=@@COLLATION_CONNECTION */;
/*!40101 SET NAMES utf8 */;
/*!40103 SET @OLD_TIME_ZONE=@@TIME_ZONE */;
/*!40103 SET TIME_ZONE='+00:00' */;
/*!40014 SET @OLD_UNIQUE_CHECKS=@@UNIQUE_CHECKS, UNIQUE_CHECKS=0 */;
/*!40014 SET @OLD_FOREIGN_KEY_CHECKS=@@FOREIGN_KEY_CHECKS, FOREIGN_KEY_CHECKS=0 */;
/*!40101 SET @OLD_SQL_MODE=@@SQL_MODE, SQL_MODE='NO_AUTO_VALUE_ON_ZERO' */;
/*!40111 SET @OLD_SQL_NOTES=@@SQL_NOTES, SQL_NOTES=0 */;

--
-- Table structure for table `farmers`
--

DROP TABLE IF EXISTS `farmers`;
/*!40101 SET @saved_cs_client     = @@character_set_client */;
/*!40101 SET character_set_client = utf8 */;
CREATE TABLE `farmers` (
  `id` int(11) NOT NULL AUTO_INCREMENT,
  `user_id` int(11) NOT NULL,
  `le` int(11) NOT NULL,
  `created_at` timestamp NOT NULL DEFAULT CURRENT_TIMESTAMP ON UPDATE CURRENT_TIMESTAMP,
  `updated_at` timestamp NOT NULL DEFAULT '0000-00-00 00:00:00',
  `decay` int(11) NOT NULL DEFAULT '2',
  `land_blocks` int(11) DEFAULT NULL,
  PRIMARY KEY (`id`)
) ENGINE=InnoDB AUTO_INCREMENT=17 DEFAULT CHARSET=latin1;
/*!40101 SET character_set_client = @saved_cs_client */;

--
-- Dumping data for table `farmers`
--

LOCK TABLES `farmers` WRITE;
/*!40000 ALTER TABLE `farmers` DISABLE KEYS */;
INSERT INTO `farmers` VALUES (1,47,40000,'2016-09-03 08:51:04','2016-09-02 18:20:02',2,NULL),(2,47,40000,'2016-09-03 08:51:04','2016-09-02 18:20:02',2,NULL),(3,48,40000,'2016-09-03 08:51:04','2016-09-02 18:20:02',2,NULL),(4,49,40000,'2016-09-03 08:51:04','2016-09-02 18:20:02',2,NULL),(5,50,40000,'2016-09-03 08:51:04','2016-09-02 18:20:02',2,NULL),(6,51,40000,'2016-09-03 08:51:04','2016-09-02 18:20:02',2,NULL),(7,52,40000,'2016-09-03 08:51:04','2016-09-02 18:20:02',2,NULL),(8,53,40000,'2016-09-03 08:51:04','2016-09-02 18:20:02',2,NULL),(9,54,40000,'2016-09-03 08:51:04','2016-09-02 18:20:02',2,NULL),(10,55,40000,'2016-09-03 08:51:04','2016-09-02 18:20:02',2,NULL),(11,56,40000,'2016-09-03 08:51:04','2016-09-02 18:20:02',2,NULL),(12,57,40000,'2016-09-03 08:51:04','2016-09-02 18:20:02',2,NULL),(13,58,40000,'2016-09-03 08:51:04','2016-09-02 18:20:02',2,NULL),(14,59,40000,'2016-09-03 08:51:04','2016-09-02 18:20:02',2,NULL),(15,60,40000,'2016-09-03 08:51:04','2016-09-02 18:20:03',2,NULL),(16,61,40000,'2016-09-03 08:51:04','2016-09-02 18:23:14',2,NULL);
/*!40000 ALTER TABLE `farmers` ENABLE KEYS */;
UNLOCK TABLES;

--
-- Table structure for table `fertilizers`
--

DROP TABLE IF EXISTS `fertilizers`;
/*!40101 SET @saved_cs_client     = @@character_set_client */;
/*!40101 SET character_set_client = utf8 */;
CREATE TABLE `fertilizers` (
  `id` int(11) NOT NULL AUTO_INCREMENT,
  `product_id` int(11) DEFAULT NULL,
  `created_at` timestamp NOT NULL DEFAULT CURRENT_TIMESTAMP ON UPDATE CURRENT_TIMESTAMP,
  `updated_at` timestamp NOT NULL DEFAULT '0000-00-00 00:00:00',
  `quality_factor` float(3,3) NOT NULL,
  PRIMARY KEY (`id`)
) ENGINE=InnoDB AUTO_INCREMENT=40 DEFAULT CHARSET=latin1;
/*!40101 SET character_set_client = @saved_cs_client */;

--
-- Dumping data for table `fertilizers`
--

LOCK TABLES `fertilizers` WRITE;
/*!40000 ALTER TABLE `fertilizers` DISABLE KEYS */;
INSERT INTO `fertilizers` VALUES (1,3,'2016-08-31 23:08:35','2016-08-31 23:08:35',0.000),(2,4,'2016-08-31 23:08:36','2016-08-31 23:08:36',0.000),(3,8,'2016-08-31 23:08:36','2016-08-31 23:08:36',0.000),(4,9,'2016-08-31 23:08:36','2016-08-31 23:08:36',0.000),(5,11,'2016-08-31 23:08:36','2016-08-31 23:08:36',0.000),(6,17,'2016-08-31 23:08:36','2016-08-31 23:08:36',0.000),(7,18,'2016-08-31 23:08:36','2016-08-31 23:08:36',0.000),(8,21,'2016-08-31 23:08:36','2016-08-31 23:08:36',0.000),(9,24,'2016-08-31 23:08:36','2016-08-31 23:08:36',0.000),(10,25,'2016-08-31 23:08:36','2016-08-31 23:08:36',0.000),(11,26,'2016-08-31 23:08:36','2016-08-31 23:08:36',0.000),(12,34,'2016-08-31 23:08:36','2016-08-31 23:08:36',0.000),(13,37,'2016-08-31 23:08:36','2016-08-31 23:08:36',0.000),(14,38,'2016-08-31 23:08:36','2016-08-31 23:08:36',0.000),(15,40,'2016-08-31 23:08:36','2016-08-31 23:08:36',0.000),(16,42,'2016-08-31 23:08:36','2016-08-31 23:08:36',0.000),(17,45,'2016-08-31 23:08:36','2016-08-31 23:08:36',0.000),(18,48,'2016-08-31 23:08:36','2016-08-31 23:08:36',0.000),(19,49,'2016-08-31 23:08:36','2016-08-31 23:08:36',0.000),(20,51,'2016-08-31 23:08:36','2016-08-31 23:08:36',0.000),(21,55,'2016-08-31 23:08:36','2016-08-31 23:08:36',0.000),(22,56,'2016-08-31 23:08:36','2016-08-31 23:08:36',0.000),(23,58,'2016-08-31 23:08:36','2016-08-31 23:08:36',0.000),(24,62,'2016-08-31 23:08:36','2016-08-31 23:08:36',0.000),(25,64,'2016-08-31 23:08:37','2016-08-31 23:08:37',0.000),(26,65,'2016-08-31 23:08:37','2016-08-31 23:08:37',0.000),(27,66,'2016-08-31 23:08:37','2016-08-31 23:08:37',0.000),(28,69,'2016-08-31 23:08:37','2016-08-31 23:08:37',0.000),(29,71,'2016-08-31 23:08:37','2016-08-31 23:08:37',0.000),(30,73,'2016-08-31 23:08:37','2016-08-31 23:08:37',0.000),(31,79,'2016-08-31 23:08:37','2016-08-31 23:08:37',0.000),(32,80,'2016-08-31 23:08:37','2016-08-31 23:08:37',0.000),(33,81,'2016-08-31 23:08:37','2016-08-31 23:08:37',0.000),(34,82,'2016-08-31 23:08:37','2016-08-31 23:08:37',0.000),(35,87,'2016-08-31 23:08:37','2016-08-31 23:08:37',0.000),(36,90,'2016-08-31 23:08:37','2016-08-31 23:08:37',0.000),(37,95,'2016-08-31 23:08:37','2016-08-31 23:08:37',0.000),(38,97,'2016-08-31 23:08:37','2016-08-31 23:08:37',0.000),(39,99,'2016-08-31 23:08:38','2016-08-31 23:08:38',0.000);
/*!40000 ALTER TABLE `fertilizers` ENABLE KEYS */;
UNLOCK TABLES;

--
-- Table structure for table `gods`
--

DROP TABLE IF EXISTS `gods`;
/*!40101 SET @saved_cs_client     = @@character_set_client */;
/*!40101 SET character_set_client = utf8 */;
CREATE TABLE `gods` (
  `id` int(11) NOT NULL AUTO_INCREMENT,
  `user_id` int(11) NOT NULL,
  `le` int(11) NOT NULL,
  `created_at` timestamp NOT NULL DEFAULT CURRENT_TIMESTAMP ON UPDATE CURRENT_TIMESTAMP,
  `updated_at` timestamp NOT NULL DEFAULT '0000-00-00 00:00:00',
  `decay` int(11) NOT NULL DEFAULT '166',
  PRIMARY KEY (`id`)
) ENGINE=InnoDB AUTO_INCREMENT=7 DEFAULT CHARSET=latin1;
/*!40101 SET character_set_client = @saved_cs_client */;

--
-- Dumping data for table `gods`
--

LOCK TABLES `gods` WRITE;
/*!40000 ALTER TABLE `gods` DISABLE KEYS */;
INSERT INTO `gods` VALUES (1,32,1000000,'2016-09-03 08:50:18','2016-09-02 18:20:01',0),(3,33,1000000,'2016-09-03 08:50:18','2016-09-02 18:20:01',0),(4,34,994600,'2016-09-03 08:51:32','2016-09-03 08:51:32',0),(5,35,1000000,'2016-09-03 08:50:18','2016-09-02 21:08:45',0),(6,36,1000000,'2016-09-03 08:50:18','2016-09-02 18:20:02',0);
/*!40000 ALTER TABLE `gods` ENABLE KEYS */;
UNLOCK TABLES;

--
-- Table structure for table `investments`
--

DROP TABLE IF EXISTS `investments`;
/*!40101 SET @saved_cs_client     = @@character_set_client */;
/*!40101 SET character_set_client = utf8 */;
CREATE TABLE `investments` (
  `id` int(11) NOT NULL AUTO_INCREMENT,
  `investor_id` int(11) NOT NULL,
  `product_id` int(11) NOT NULL,
  `bid_price` int(11) DEFAULT NULL,
  `created_at` timestamp NOT NULL DEFAULT CURRENT_TIMESTAMP ON UPDATE CURRENT_TIMESTAMP,
  `updated_at` timestamp NOT NULL DEFAULT '0000-00-00 00:00:00',
  `num_shares` int(11) DEFAULT '10',
  PRIMARY KEY (`id`)
) ENGINE=InnoDB AUTO_INCREMENT=213 DEFAULT CHARSET=latin1;
/*!40101 SET character_set_client = @saved_cs_client */;

--
-- Dumping data for table `investments`
--

LOCK TABLES `investments` WRITE;
/*!40000 ALTER TABLE `investments` DISABLE KEYS */;
INSERT INTO `investments` VALUES (1,1,63,276,'2016-09-02 20:34:51','2016-08-31 23:30:24',10),(2,1,71,388,'2016-09-02 20:34:51','2016-08-31 23:30:24',10),(3,1,8,254,'2016-09-02 20:34:51','2016-08-31 23:30:24',10),(4,1,42,500,'2016-09-02 20:34:51','2016-08-31 23:30:24',10),(5,1,46,322,'2016-09-02 20:34:51','2016-08-31 23:30:24',10),(6,1,41,210,'2016-09-02 20:34:51','2016-08-31 23:30:24',10),(7,1,46,281,'2016-09-02 20:34:51','2016-08-31 23:30:24',10),(8,1,63,379,'2016-09-02 20:34:51','2016-08-31 23:30:24',10),(9,1,44,340,'2016-09-02 20:34:51','2016-08-31 23:30:24',10),(10,1,75,305,'2016-09-02 20:34:51','2016-08-31 23:30:24',10),(11,1,88,475,'2016-09-02 20:34:51','2016-08-31 23:30:25',10),(12,1,63,113,'2016-09-02 20:34:51','2016-08-31 23:30:25',10),(13,1,23,390,'2016-09-02 20:34:51','2016-08-31 23:30:25',10),(14,1,37,427,'2016-09-02 20:34:51','2016-08-31 23:30:25',10),(15,1,7,144,'2016-09-02 20:34:51','2016-08-31 23:30:25',10),(16,1,56,340,'2016-09-02 20:34:51','2016-08-31 23:30:25',10),(17,1,32,376,'2016-09-02 20:34:51','2016-08-31 23:30:25',10),(18,1,8,202,'2016-09-02 20:34:51','2016-08-31 23:30:25',10),(19,1,26,257,'2016-09-02 20:34:51','2016-08-31 23:30:25',10),(20,1,95,297,'2016-09-02 20:34:51','2016-08-31 23:30:25',10),(21,1,77,383,'2016-09-02 20:34:51','2016-08-31 23:30:25',10),(22,2,16,240,'2016-09-02 20:34:51','2016-08-31 23:30:25',10),(23,2,5,191,'2016-09-02 20:34:51','2016-08-31 23:30:25',10),(24,2,83,416,'2016-09-02 20:34:51','2016-08-31 23:30:25',10),(25,2,31,293,'2016-09-02 20:34:51','2016-08-31 23:30:25',10),(26,2,42,328,'2016-09-02 20:34:51','2016-08-31 23:30:25',10),(27,2,61,172,'2016-09-02 20:34:51','2016-08-31 23:30:25',10),(28,2,91,115,'2016-09-02 20:34:51','2016-08-31 23:30:25',10),(29,2,86,431,'2016-09-02 20:34:51','2016-08-31 23:30:25',10),(30,2,94,209,'2016-09-02 20:34:51','2016-08-31 23:30:25',10),(31,2,88,468,'2016-09-02 20:34:51','2016-08-31 23:30:25',10),(32,2,61,297,'2016-09-02 20:34:51','2016-08-31 23:30:25',10),(33,2,75,176,'2016-09-02 20:34:51','2016-08-31 23:30:25',10),(34,2,59,374,'2016-09-02 20:34:51','2016-08-31 23:30:25',10),(35,2,18,101,'2016-09-02 20:34:51','2016-08-31 23:30:25',10),(36,2,72,312,'2016-09-02 20:34:51','2016-08-31 23:30:26',10),(37,2,89,479,'2016-09-02 20:34:51','2016-08-31 23:30:26',10),(38,2,18,449,'2016-09-02 20:34:51','2016-08-31 23:30:26',10),(39,2,67,471,'2016-09-02 20:34:51','2016-08-31 23:30:26',10),(40,2,41,100,'2016-09-02 20:34:51','2016-08-31 23:30:26',10),(41,2,58,485,'2016-09-02 20:34:51','2016-08-31 23:30:26',10),(42,2,15,432,'2016-09-02 20:34:51','2016-08-31 23:30:26',10),(43,3,87,170,'2016-09-02 20:34:51','2016-08-31 23:30:26',10),(44,3,1,119,'2016-09-02 20:34:51','2016-08-31 23:30:26',10),(45,3,33,390,'2016-09-02 20:34:51','2016-08-31 23:30:26',10),(46,3,65,477,'2016-09-02 20:34:51','2016-08-31 23:30:26',10),(47,3,44,177,'2016-09-02 20:34:51','2016-08-31 23:30:26',10),(48,3,39,201,'2016-09-02 20:34:51','2016-08-31 23:30:26',10),(49,3,94,172,'2016-09-02 20:34:51','2016-08-31 23:30:26',10),(50,3,19,487,'2016-09-02 20:34:51','2016-08-31 23:30:26',10),(51,3,50,146,'2016-09-02 20:34:51','2016-08-31 23:30:26',10),(52,3,7,459,'2016-09-02 20:34:51','2016-08-31 23:30:26',10),(53,3,77,250,'2016-09-02 20:34:51','2016-08-31 23:30:26',10),(54,3,31,194,'2016-09-02 20:34:51','2016-08-31 23:30:26',10),(55,3,24,270,'2016-09-02 20:34:51','2016-08-31 23:30:26',10),(56,3,39,386,'2016-09-02 20:34:51','2016-08-31 23:30:26',10),(57,3,55,425,'2016-09-02 20:34:51','2016-08-31 23:30:26',10),(58,3,99,312,'2016-09-02 20:34:51','2016-08-31 23:30:26',10),(59,3,59,264,'2016-09-02 20:34:51','2016-08-31 23:30:26',10),(60,3,14,496,'2016-09-02 20:34:51','2016-08-31 23:30:26',10),(61,3,93,462,'2016-09-02 20:34:51','2016-08-31 23:30:26',10),(62,3,10,412,'2016-09-02 20:34:51','2016-08-31 23:30:26',10),(63,3,4,245,'2016-09-02 20:34:51','2016-08-31 23:30:26',10),(64,4,55,292,'2016-09-02 20:34:51','2016-08-31 23:30:26',10),(65,4,45,489,'2016-09-02 20:34:51','2016-08-31 23:30:27',10),(66,4,9,391,'2016-09-02 20:34:51','2016-08-31 23:30:27',10),(67,4,63,477,'2016-09-02 20:34:51','2016-08-31 23:30:27',10),(68,4,32,160,'2016-09-02 20:34:51','2016-08-31 23:30:27',10),(69,4,39,255,'2016-09-02 20:34:51','2016-08-31 23:30:27',10),(70,4,82,349,'2016-09-02 20:34:51','2016-08-31 23:30:27',10),(71,4,34,350,'2016-09-02 20:34:51','2016-08-31 23:30:27',10),(72,4,44,181,'2016-09-02 20:34:51','2016-08-31 23:30:27',10),(73,4,74,451,'2016-09-02 20:34:51','2016-08-31 23:30:27',10),(74,4,29,269,'2016-09-02 20:34:51','2016-08-31 23:30:27',10),(75,4,42,226,'2016-09-02 20:34:51','2016-08-31 23:30:27',10),(76,4,22,269,'2016-09-02 20:34:51','2016-08-31 23:30:27',10),(77,4,21,236,'2016-09-02 20:34:51','2016-08-31 23:30:27',10),(78,4,71,226,'2016-09-02 20:34:51','2016-08-31 23:30:27',10),(79,4,80,193,'2016-09-02 20:34:51','2016-08-31 23:30:27',10),(80,4,21,199,'2016-09-02 20:34:51','2016-08-31 23:30:28',10),(81,4,98,195,'2016-09-02 20:34:51','2016-08-31 23:30:28',10),(82,4,18,217,'2016-09-02 20:34:51','2016-08-31 23:30:28',10),(83,4,45,339,'2016-09-02 20:34:51','2016-08-31 23:30:28',10),(84,4,99,299,'2016-09-02 20:34:51','2016-08-31 23:30:28',10),(85,5,12,432,'2016-09-02 20:34:51','2016-08-31 23:30:28',10),(86,5,46,421,'2016-09-02 20:34:51','2016-08-31 23:30:28',10),(87,5,1,281,'2016-09-02 20:34:51','2016-08-31 23:30:28',10),(88,5,33,457,'2016-09-02 20:34:51','2016-08-31 23:30:28',10),(89,5,32,396,'2016-09-02 20:34:51','2016-08-31 23:30:28',10),(90,5,6,347,'2016-09-02 20:34:51','2016-08-31 23:30:28',10),(91,5,4,390,'2016-09-02 20:34:51','2016-08-31 23:30:29',10),(92,5,7,209,'2016-09-02 20:34:51','2016-08-31 23:30:29',10),(93,5,59,196,'2016-09-02 20:34:51','2016-08-31 23:30:29',10),(94,5,48,408,'2016-09-02 20:34:51','2016-08-31 23:30:29',10),(95,5,2,252,'2016-09-02 20:34:51','2016-08-31 23:30:29',10),(96,5,62,372,'2016-09-02 20:34:51','2016-08-31 23:30:29',10),(97,5,98,497,'2016-09-02 20:34:51','2016-08-31 23:30:29',10),(98,5,59,420,'2016-09-02 20:34:51','2016-08-31 23:30:29',10),(99,5,30,267,'2016-09-02 20:34:51','2016-08-31 23:30:29',10),(100,5,25,330,'2016-09-02 20:34:51','2016-08-31 23:30:29',10),(101,5,38,266,'2016-09-02 20:34:51','2016-08-31 23:30:29',10),(102,5,87,381,'2016-09-02 20:34:51','2016-08-31 23:30:29',10),(103,5,60,252,'2016-09-02 20:34:51','2016-08-31 23:30:29',10),(104,5,12,178,'2016-09-02 20:34:51','2016-08-31 23:30:29',10),(105,5,82,463,'2016-09-02 20:34:51','2016-08-31 23:30:29',10),(106,6,64,169,'2016-09-02 20:34:51','2016-08-31 23:30:29',10),(107,6,45,441,'2016-09-02 20:34:51','2016-08-31 23:30:29',10),(108,6,10,378,'2016-09-02 20:34:51','2016-08-31 23:30:29',10),(109,6,47,113,'2016-09-02 20:34:51','2016-08-31 23:30:29',10),(110,6,42,327,'2016-09-02 20:34:51','2016-08-31 23:30:29',10),(111,6,25,292,'2016-09-02 20:34:51','2016-08-31 23:30:30',10),(112,6,47,113,'2016-09-02 20:34:51','2016-08-31 23:30:30',10),(113,6,84,188,'2016-09-02 20:34:51','2016-08-31 23:30:30',10),(114,6,64,123,'2016-09-02 20:34:51','2016-08-31 23:30:30',10),(115,6,64,150,'2016-09-02 20:34:51','2016-08-31 23:30:30',10),(116,6,55,454,'2016-09-02 20:34:51','2016-08-31 23:30:30',10),(117,6,59,102,'2016-09-02 20:34:51','2016-08-31 23:30:30',10),(118,6,39,263,'2016-09-02 20:34:51','2016-08-31 23:30:30',10),(119,6,61,172,'2016-09-02 20:34:51','2016-08-31 23:30:30',10),(120,6,9,303,'2016-09-02 20:34:51','2016-08-31 23:30:30',10),(121,6,69,267,'2016-09-02 20:34:51','2016-08-31 23:30:30',10),(122,6,27,387,'2016-09-02 20:34:51','2016-08-31 23:30:30',10),(123,6,42,151,'2016-09-02 20:34:51','2016-08-31 23:30:30',10),(124,6,17,244,'2016-09-02 20:34:51','2016-08-31 23:30:30',10),(125,6,93,451,'2016-09-02 20:34:51','2016-08-31 23:30:30',10),(126,6,36,330,'2016-09-02 20:34:51','2016-08-31 23:30:30',10),(127,7,61,169,'2016-09-02 20:34:51','2016-08-31 23:30:30',10),(128,7,40,431,'2016-09-02 20:34:51','2016-08-31 23:30:30',10),(129,7,89,276,'2016-09-02 20:34:51','2016-08-31 23:30:30',10),(130,7,57,111,'2016-09-02 20:34:51','2016-08-31 23:30:30',10),(131,7,92,306,'2016-09-02 20:34:51','2016-08-31 23:30:30',10),(132,7,53,142,'2016-09-02 20:34:51','2016-08-31 23:30:30',10),(133,7,52,301,'2016-09-02 20:34:51','2016-08-31 23:30:30',10),(134,7,69,464,'2016-09-02 20:34:51','2016-08-31 23:30:30',10),(135,7,42,147,'2016-09-02 20:34:51','2016-08-31 23:30:30',10),(136,7,54,408,'2016-09-02 20:34:51','2016-08-31 23:30:30',10),(137,7,49,139,'2016-09-02 20:34:51','2016-08-31 23:30:30',10),(138,7,23,421,'2016-09-02 20:34:51','2016-08-31 23:30:30',10),(139,7,17,461,'2016-09-02 20:34:51','2016-08-31 23:30:31',10),(140,7,78,256,'2016-09-02 20:34:51','2016-08-31 23:30:31',10),(141,7,97,136,'2016-09-02 20:34:51','2016-08-31 23:30:31',10),(142,7,27,153,'2016-09-02 20:34:51','2016-08-31 23:30:31',10),(143,7,97,330,'2016-09-02 20:34:51','2016-08-31 23:30:31',10),(144,7,2,362,'2016-09-02 20:34:51','2016-08-31 23:30:31',10),(145,7,69,439,'2016-09-02 20:34:51','2016-08-31 23:30:31',10),(146,7,37,332,'2016-09-02 20:34:51','2016-08-31 23:30:31',10),(147,7,69,340,'2016-09-02 20:34:51','2016-08-31 23:30:31',10),(148,8,11,454,'2016-09-02 20:34:51','2016-08-31 23:30:31',10),(149,8,80,180,'2016-09-02 20:34:51','2016-08-31 23:30:31',10),(150,8,32,413,'2016-09-02 20:34:51','2016-08-31 23:30:31',10),(151,8,56,184,'2016-09-02 20:34:51','2016-08-31 23:30:32',10),(152,8,32,441,'2016-09-02 20:34:51','2016-08-31 23:30:32',10),(153,8,66,116,'2016-09-02 20:34:51','2016-08-31 23:30:32',10),(154,8,95,315,'2016-09-02 20:34:51','2016-08-31 23:30:32',10),(155,8,93,427,'2016-09-02 20:34:51','2016-08-31 23:30:32',10),(156,8,91,388,'2016-09-02 20:34:51','2016-08-31 23:30:32',10),(157,8,86,458,'2016-09-02 20:34:51','2016-08-31 23:30:32',10),(158,8,47,168,'2016-09-02 20:34:51','2016-08-31 23:30:32',10),(159,8,83,427,'2016-09-02 20:34:51','2016-08-31 23:30:32',10),(160,8,67,293,'2016-09-02 20:34:51','2016-08-31 23:30:32',10),(161,8,7,304,'2016-09-02 20:34:51','2016-08-31 23:30:33',10),(162,8,11,108,'2016-09-02 20:34:51','2016-08-31 23:30:33',10),(163,8,91,399,'2016-09-02 20:34:51','2016-08-31 23:30:33',10),(164,8,95,184,'2016-09-02 20:34:51','2016-08-31 23:30:33',10),(165,8,100,380,'2016-09-02 20:34:51','2016-08-31 23:30:33',10),(166,8,92,205,'2016-09-02 20:34:51','2016-08-31 23:30:33',10),(167,8,12,318,'2016-09-02 20:34:51','2016-08-31 23:30:33',10),(168,8,59,189,'2016-09-02 20:34:51','2016-08-31 23:30:33',10),(169,9,77,408,'2016-09-02 20:34:51','2016-08-31 23:30:33',10),(170,9,59,311,'2016-09-02 20:34:51','2016-08-31 23:30:33',10),(171,9,25,376,'2016-09-02 20:34:51','2016-08-31 23:30:33',10),(172,9,59,298,'2016-09-02 20:34:51','2016-08-31 23:30:33',10),(173,9,67,140,'2016-09-02 20:34:51','2016-08-31 23:30:33',10),(174,9,92,121,'2016-09-02 20:34:51','2016-08-31 23:30:33',10),(175,9,54,297,'2016-09-02 20:34:51','2016-08-31 23:30:33',10),(176,9,1,331,'2016-09-02 20:34:51','2016-08-31 23:30:33',10),(177,9,61,339,'2016-09-02 20:34:51','2016-08-31 23:30:33',10),(178,9,35,145,'2016-09-02 20:34:51','2016-08-31 23:30:33',10),(179,9,33,303,'2016-09-02 20:34:51','2016-08-31 23:30:33',10),(180,9,21,216,'2016-09-02 20:34:51','2016-08-31 23:30:33',10),(181,9,56,226,'2016-09-02 20:34:51','2016-08-31 23:30:33',10),(182,9,87,147,'2016-09-02 20:34:51','2016-08-31 23:30:34',10),(183,9,35,368,'2016-09-02 20:34:51','2016-08-31 23:30:34',10),(184,9,45,279,'2016-09-02 20:34:51','2016-08-31 23:30:34',10),(185,9,98,140,'2016-09-02 20:34:51','2016-08-31 23:30:34',10),(186,9,80,111,'2016-09-02 20:34:51','2016-08-31 23:30:34',10),(187,9,53,188,'2016-09-02 20:34:51','2016-08-31 23:30:34',10),(188,9,33,250,'2016-09-02 20:34:51','2016-08-31 23:30:34',10),(189,9,43,175,'2016-09-02 20:34:51','2016-08-31 23:30:34',10),(190,10,69,196,'2016-09-02 20:34:51','2016-08-31 23:30:34',10),(191,10,82,485,'2016-09-02 20:34:51','2016-08-31 23:30:34',10),(192,10,56,374,'2016-09-02 20:34:51','2016-08-31 23:30:34',10),(193,10,80,267,'2016-09-02 20:34:51','2016-08-31 23:30:34',10),(194,10,93,461,'2016-09-02 20:34:51','2016-08-31 23:30:34',10),(195,10,20,148,'2016-09-02 20:34:51','2016-08-31 23:30:34',10),(196,10,44,152,'2016-09-02 20:34:51','2016-08-31 23:30:34',10),(197,10,25,399,'2016-09-02 20:34:51','2016-08-31 23:30:34',10),(198,10,42,219,'2016-09-02 20:34:51','2016-08-31 23:30:34',10),(199,10,75,336,'2016-09-02 20:34:51','2016-08-31 23:30:34',10),(200,10,70,443,'2016-09-02 20:34:51','2016-08-31 23:30:35',10),(201,10,89,387,'2016-09-02 20:34:51','2016-08-31 23:30:35',10),(202,10,94,293,'2016-09-02 20:34:51','2016-08-31 23:30:35',10),(203,10,86,263,'2016-09-02 20:34:51','2016-08-31 23:30:35',10),(204,10,60,205,'2016-09-02 20:34:51','2016-08-31 23:30:35',10),(205,10,51,213,'2016-09-02 20:34:51','2016-08-31 23:30:35',10),(206,10,25,212,'2016-09-02 20:34:51','2016-08-31 23:30:35',10),(207,10,97,228,'2016-09-02 20:34:51','2016-08-31 23:30:35',10),(208,10,75,422,'2016-09-02 20:34:51','2016-08-31 23:30:35',10),(209,10,71,406,'2016-09-02 20:34:51','2016-08-31 23:30:35',10),(210,10,89,366,'2016-09-02 20:34:51','2016-08-31 23:30:35',10),(211,1,108,2000,'2016-09-03 09:01:38','2016-09-03 09:01:38',10),(212,1,108,2000,'2016-09-03 09:05:18','2016-09-03 09:05:18',10);
/*!40000 ALTER TABLE `investments` ENABLE KEYS */;
UNLOCK TABLES;

--
-- Table structure for table `investors`
--

DROP TABLE IF EXISTS `investors`;
/*!40101 SET @saved_cs_client     = @@character_set_client */;
/*!40101 SET character_set_client = utf8 */;
CREATE TABLE `investors` (
  `id` int(11) NOT NULL AUTO_INCREMENT,
  `user_id` int(11) NOT NULL,
  `le` int(11) NOT NULL,
  `created_at` timestamp NOT NULL DEFAULT CURRENT_TIMESTAMP ON UPDATE CURRENT_TIMESTAMP,
  `updated_at` timestamp NOT NULL DEFAULT '0000-00-00 00:00:00',
  `decay` int(11) NOT NULL DEFAULT '50',
  PRIMARY KEY (`id`)
) ENGINE=InnoDB AUTO_INCREMENT=11 DEFAULT CHARSET=latin1;
/*!40101 SET character_set_client = @saved_cs_client */;

--
-- Dumping data for table `investors`
--

LOCK TABLES `investors` WRITE;
/*!40000 ALTER TABLE `investors` DISABLE KEYS */;
INSERT INTO `investors` VALUES (1,37,260000,'2016-09-03 09:05:18','2016-09-03 09:05:18',50),(2,38,300000,'2016-09-03 08:51:16','2016-09-02 18:20:02',50),(3,39,300000,'2016-09-03 08:51:16','2016-09-02 18:31:02',50),(4,40,300000,'2016-09-03 08:51:16','2016-09-02 21:08:45',50),(5,41,300000,'2016-09-03 08:51:16','2016-09-02 18:20:02',50),(6,42,300000,'2016-09-03 08:51:16','2016-09-02 18:20:02',50),(7,43,300000,'2016-09-03 08:51:16','2016-09-02 18:20:02',50),(8,44,300000,'2016-09-03 08:51:16','2016-09-02 18:20:02',50),(9,45,300000,'2016-09-03 08:51:16','2016-09-02 18:20:02',50),(10,46,300000,'2016-09-03 08:51:16','2016-09-02 18:20:02',50);
/*!40000 ALTER TABLE `investors` ENABLE KEYS */;
UNLOCK TABLES;

--
-- Table structure for table `lands`
--

DROP TABLE IF EXISTS `lands`;
/*!40101 SET @saved_cs_client     = @@character_set_client */;
/*!40101 SET character_set_client = utf8 */;
CREATE TABLE `lands` (
  `id` int(11) NOT NULL AUTO_INCREMENT,
  `product_id` int(11) DEFAULT NULL,
  `created_at` timestamp NOT NULL DEFAULT CURRENT_TIMESTAMP ON UPDATE CURRENT_TIMESTAMP,
  `updated_at` timestamp NOT NULL DEFAULT '0000-00-00 00:00:00',
  PRIMARY KEY (`id`)
) ENGINE=InnoDB AUTO_INCREMENT=36 DEFAULT CHARSET=latin1;
/*!40101 SET character_set_client = @saved_cs_client */;

--
-- Dumping data for table `lands`
--

LOCK TABLES `lands` WRITE;
/*!40000 ALTER TABLE `lands` DISABLE KEYS */;
INSERT INTO `lands` VALUES (1,5,'2016-08-31 23:02:37','2016-08-31 23:02:37'),(2,6,'2016-08-31 23:02:37','2016-08-31 23:02:37'),(3,7,'2016-08-31 23:02:37','2016-08-31 23:02:37'),(4,10,'2016-08-31 23:02:37','2016-08-31 23:02:37'),(5,12,'2016-08-31 23:02:37','2016-08-31 23:02:37'),(6,13,'2016-08-31 23:02:37','2016-08-31 23:02:37'),(7,15,'2016-08-31 23:02:37','2016-08-31 23:02:37'),(8,16,'2016-08-31 23:02:37','2016-08-31 23:02:37'),(9,19,'2016-08-31 23:02:37','2016-08-31 23:02:37'),(10,23,'2016-08-31 23:02:37','2016-08-31 23:02:37'),(11,28,'2016-08-31 23:02:37','2016-08-31 23:02:37'),(12,29,'2016-08-31 23:02:37','2016-08-31 23:02:37'),(13,30,'2016-08-31 23:02:37','2016-08-31 23:02:37'),(14,31,'2016-08-31 23:02:38','2016-08-31 23:02:38'),(15,39,'2016-08-31 23:02:38','2016-08-31 23:02:38'),(16,41,'2016-08-31 23:02:38','2016-08-31 23:02:38'),(17,44,'2016-08-31 23:02:38','2016-08-31 23:02:38'),(18,47,'2016-08-31 23:02:38','2016-08-31 23:02:38'),(19,50,'2016-08-31 23:02:38','2016-08-31 23:02:38'),(20,52,'2016-08-31 23:02:38','2016-08-31 23:02:38'),(21,54,'2016-08-31 23:02:38','2016-08-31 23:02:38'),(22,57,'2016-08-31 23:02:38','2016-08-31 23:02:38'),(23,61,'2016-08-31 23:02:38','2016-08-31 23:02:38'),(24,67,'2016-08-31 23:02:38','2016-08-31 23:02:38'),(25,74,'2016-08-31 23:02:38','2016-08-31 23:02:38'),(26,75,'2016-08-31 23:02:38','2016-08-31 23:02:38'),(27,76,'2016-08-31 23:02:38','2016-08-31 23:02:38'),(28,85,'2016-08-31 23:02:38','2016-08-31 23:02:38'),(29,88,'2016-08-31 23:02:38','2016-08-31 23:02:38'),(30,89,'2016-08-31 23:02:38','2016-08-31 23:02:38'),(31,91,'2016-08-31 23:02:38','2016-08-31 23:02:38'),(32,92,'2016-08-31 23:02:38','2016-08-31 23:02:38'),(33,93,'2016-08-31 23:02:38','2016-08-31 23:02:38'),(34,94,'2016-08-31 23:02:38','2016-08-31 23:02:38'),(35,98,'2016-08-31 23:02:39','2016-08-31 23:02:39');
/*!40000 ALTER TABLE `lands` ENABLE KEYS */;
UNLOCK TABLES;

--
-- Table structure for table `products`
--

DROP TABLE IF EXISTS `products`;
/*!40101 SET @saved_cs_client     = @@character_set_client */;
/*!40101 SET character_set_client = utf8 */;
CREATE TABLE `products` (
  `id` int(11) NOT NULL AUTO_INCREMENT,
  `god_id` int(11) NOT NULL,
  `quantity` int(11) NOT NULL DEFAULT '0',
  `category` enum('seed','fertilizer','land') NOT NULL,
  `created_at` timestamp NOT NULL DEFAULT CURRENT_TIMESTAMP ON UPDATE CURRENT_TIMESTAMP,
  `updated_at` timestamp NOT NULL DEFAULT '0000-00-00 00:00:00',
  `being_funded` tinyint(4) NOT NULL DEFAULT '1',
  `ET` int(11) NOT NULL DEFAULT '0',
  `FT` int(11) NOT NULL DEFAULT '0',
  `quality` int(11) NOT NULL,
  `description` varchar(400) DEFAULT NULL,
  `name` varchar(45) DEFAULT NULL,
  `bid_price` int(11) DEFAULT NULL,
  `total_cost` int(11) DEFAULT NULL,
  `unit_price` int(11) NOT NULL,
  `num_units` int(11) NOT NULL,
  `total_shares` int(11) DEFAULT NULL,
  `avl_shares` int(11) DEFAULT NULL,
  PRIMARY KEY (`id`)
) ENGINE=InnoDB AUTO_INCREMENT=118 DEFAULT CHARSET=latin1;
/*!40101 SET character_set_client = @saved_cs_client */;

--
-- Dumping data for table `products`
--

LOCK TABLES `products` WRITE;
/*!40000 ALTER TABLE `products` DISABLE KEYS */;
INSERT INTO `products` VALUES (1,3,912,'seed','2016-09-03 08:57:21','2016-08-31 22:28:59',0,0,0,0,NULL,NULL,2000,0,0,60,50,45),(2,4,933,'seed','2016-09-03 08:57:21','2016-08-31 22:28:59',0,0,0,0,NULL,NULL,2000,0,0,60,50,45),(3,4,857,'fertilizer','2016-09-03 08:57:21','2016-08-31 22:28:59',0,0,0,0,NULL,NULL,2000,0,0,60,50,45),(4,5,868,'fertilizer','2016-09-03 08:57:21','2016-08-31 22:28:59',0,0,0,0,NULL,NULL,2000,0,0,60,50,45),(5,2,680,'land','2016-09-03 08:57:21','2016-08-31 22:28:59',0,0,0,0,NULL,NULL,2000,0,0,60,50,45),(6,1,567,'land','2016-09-03 08:57:21','2016-08-31 22:28:59',0,0,0,0,NULL,NULL,2000,0,0,60,50,45),(7,1,264,'land','2016-09-03 08:57:21','2016-08-31 22:28:59',0,0,0,0,NULL,NULL,2000,0,0,60,50,45),(8,1,205,'fertilizer','2016-09-03 08:57:21','2016-08-31 22:28:59',0,0,0,0,NULL,NULL,2000,0,0,60,50,45),(9,4,380,'fertilizer','2016-09-03 08:57:21','2016-08-31 22:28:59',0,0,0,0,NULL,NULL,2000,0,0,60,50,45),(10,4,770,'land','2016-09-03 08:57:21','2016-08-31 22:28:59',0,0,0,0,NULL,NULL,2000,0,0,60,50,45),(11,3,952,'fertilizer','2016-09-03 08:57:21','2016-08-31 22:28:59',0,0,0,0,NULL,NULL,2000,0,0,60,50,45),(12,3,49,'land','2016-09-03 08:57:21','2016-08-31 22:28:59',0,0,0,0,NULL,NULL,2000,0,0,60,50,45),(13,2,747,'land','2016-09-03 08:57:21','2016-08-31 22:28:59',0,0,0,0,NULL,NULL,2000,0,0,60,50,45),(14,2,534,'seed','2016-09-03 08:57:21','2016-08-31 22:29:00',0,0,0,0,NULL,NULL,2000,0,0,60,50,45),(15,1,990,'land','2016-09-03 08:57:21','2016-08-31 22:29:00',0,0,0,0,NULL,NULL,2000,0,0,60,50,45),(16,4,583,'land','2016-09-03 08:57:21','2016-08-31 22:29:00',0,0,0,0,NULL,NULL,2000,0,0,60,50,45),(17,2,50,'fertilizer','2016-09-03 08:57:21','2016-08-31 22:29:00',0,0,0,0,NULL,NULL,2000,0,0,60,50,45),(18,3,898,'fertilizer','2016-09-03 08:57:21','2016-08-31 22:29:00',0,0,0,0,NULL,NULL,2000,0,0,60,50,45),(19,4,726,'land','2016-09-03 08:57:21','2016-08-31 22:29:00',0,0,0,0,NULL,NULL,2000,0,0,60,50,45),(20,1,131,'seed','2016-09-03 08:57:21','2016-08-31 22:29:00',0,0,0,0,NULL,NULL,2000,0,0,60,50,45),(21,5,70,'fertilizer','2016-09-03 08:57:21','2016-08-31 22:29:00',0,0,0,0,NULL,NULL,2000,0,0,60,50,45),(22,5,668,'seed','2016-09-03 08:57:21','2016-08-31 22:29:00',0,0,0,0,NULL,NULL,2000,0,0,60,50,45),(23,5,22,'land','2016-09-03 08:57:21','2016-08-31 22:29:00',0,0,0,0,NULL,NULL,2000,0,0,60,50,45),(24,4,185,'fertilizer','2016-09-03 08:57:21','2016-08-31 22:29:00',0,0,0,0,NULL,NULL,2000,0,0,60,50,45),(25,1,702,'fertilizer','2016-09-03 08:57:21','2016-08-31 22:29:00',0,0,0,0,NULL,NULL,2000,0,0,60,50,45),(26,1,239,'fertilizer','2016-09-03 08:57:21','2016-08-31 22:29:00',0,0,0,0,NULL,NULL,2000,0,0,60,50,45),(27,4,966,'seed','2016-09-03 08:57:21','2016-08-31 22:29:00',0,0,0,0,NULL,NULL,2000,0,0,60,50,45),(28,4,848,'land','2016-09-03 08:57:21','2016-08-31 22:29:00',0,0,0,0,NULL,NULL,2000,0,0,60,50,45),(29,4,385,'land','2016-09-03 08:57:21','2016-08-31 22:29:00',0,0,0,0,NULL,NULL,2000,0,0,60,50,45),(30,3,714,'land','2016-09-03 08:57:21','2016-08-31 22:29:00',0,0,0,0,NULL,NULL,2000,0,0,60,50,45),(31,3,565,'land','2016-09-03 08:57:21','2016-08-31 22:29:00',0,0,0,0,NULL,NULL,2000,0,0,60,50,45),(32,3,839,'seed','2016-09-03 08:57:21','2016-08-31 22:29:00',0,0,0,0,NULL,NULL,2000,0,0,60,50,45),(33,2,478,'seed','2016-09-03 08:57:21','2016-08-31 22:29:00',0,0,0,0,NULL,NULL,2000,0,0,60,50,45),(34,2,329,'fertilizer','2016-09-03 08:57:21','2016-08-31 22:29:00',0,0,0,0,NULL,NULL,2000,0,0,60,50,45),(35,3,260,'seed','2016-09-03 08:57:21','2016-08-31 22:29:00',0,0,0,0,NULL,NULL,2000,0,0,60,50,45),(36,1,943,'seed','2016-09-03 08:57:21','2016-08-31 22:29:00',0,0,0,0,NULL,NULL,2000,0,0,60,50,45),(37,2,951,'fertilizer','2016-09-03 08:57:21','2016-08-31 22:29:00',0,0,0,0,NULL,NULL,2000,0,0,60,50,45),(38,2,540,'fertilizer','2016-09-03 08:57:21','2016-08-31 22:29:00',0,0,0,0,NULL,NULL,2000,0,0,60,50,45),(39,1,896,'land','2016-09-03 08:57:21','2016-08-31 22:29:00',0,0,0,0,NULL,NULL,2000,0,0,60,50,45),(40,3,409,'fertilizer','2016-09-03 08:57:21','2016-08-31 22:29:00',0,0,0,0,NULL,NULL,2000,0,0,60,50,45),(41,2,829,'land','2016-09-03 08:57:21','2016-08-31 22:29:01',0,0,0,0,NULL,NULL,2000,0,0,60,50,45),(42,5,125,'fertilizer','2016-09-03 08:57:21','2016-08-31 22:29:01',0,0,0,0,NULL,NULL,2000,0,0,60,50,45),(43,4,320,'seed','2016-09-03 08:57:21','2016-08-31 22:29:01',0,0,0,0,NULL,NULL,2000,0,0,60,50,45),(44,1,168,'land','2016-09-03 08:57:21','2016-08-31 22:29:01',0,0,0,0,NULL,NULL,2000,0,0,60,50,45),(45,3,194,'fertilizer','2016-09-03 08:57:21','2016-08-31 22:29:01',0,0,0,0,NULL,NULL,2000,0,0,60,50,45),(46,4,388,'seed','2016-09-03 08:57:21','2016-08-31 22:29:01',0,0,0,0,NULL,NULL,2000,0,0,60,50,45),(47,4,332,'land','2016-09-03 08:57:21','2016-08-31 22:29:01',0,0,0,0,NULL,NULL,2000,0,0,60,50,45),(48,4,67,'fertilizer','2016-09-03 08:57:21','2016-08-31 22:29:01',0,0,0,0,NULL,NULL,2000,0,0,60,50,45),(49,1,480,'fertilizer','2016-09-03 08:57:21','2016-08-31 22:29:01',0,0,0,0,NULL,NULL,2000,0,0,60,50,45),(50,1,307,'land','2016-09-03 08:57:21','2016-08-31 22:29:01',0,0,0,0,NULL,NULL,2000,0,0,60,50,45),(51,3,659,'fertilizer','2016-09-03 08:57:21','2016-08-31 22:29:01',0,0,0,0,NULL,NULL,2000,0,0,60,50,45),(52,2,608,'land','2016-09-03 08:57:21','2016-08-31 22:29:01',0,0,0,0,NULL,NULL,2000,0,0,60,50,45),(53,2,810,'seed','2016-09-03 08:57:21','2016-08-31 22:29:01',0,0,0,0,NULL,NULL,2000,0,0,60,50,45),(54,4,288,'land','2016-09-03 08:57:21','2016-08-31 22:29:01',0,0,0,0,NULL,NULL,2000,0,0,60,50,45),(55,5,208,'fertilizer','2016-09-03 08:57:21','2016-08-31 22:29:01',0,0,0,0,NULL,NULL,2000,0,0,60,50,45),(56,1,272,'fertilizer','2016-09-03 08:57:21','2016-08-31 22:29:01',0,0,0,0,NULL,NULL,2000,0,0,60,50,45),(57,3,708,'land','2016-09-03 08:57:21','2016-08-31 22:29:01',0,0,0,0,NULL,NULL,2000,0,0,60,50,45),(58,4,492,'fertilizer','2016-09-03 08:57:21','2016-08-31 22:29:01',0,0,0,0,NULL,NULL,2000,0,0,60,50,45),(59,5,463,'seed','2016-09-03 08:57:21','2016-08-31 22:29:01',0,0,0,0,NULL,NULL,2000,0,0,60,50,45),(60,2,995,'seed','2016-09-03 08:57:21','2016-08-31 22:29:01',0,0,0,0,NULL,NULL,2000,0,0,60,50,45),(61,3,812,'land','2016-09-03 08:57:21','2016-08-31 22:29:01',0,0,0,0,NULL,NULL,2000,0,0,60,50,45),(62,2,470,'fertilizer','2016-09-03 08:57:21','2016-08-31 22:29:01',0,0,0,0,NULL,NULL,2000,0,0,60,50,45),(63,5,798,'seed','2016-09-03 08:57:21','2016-09-02 21:08:45',0,0,0,0,NULL,NULL,2000,0,0,42,50,45),(64,4,283,'fertilizer','2016-09-03 08:57:21','2016-08-31 22:29:01',0,0,0,0,NULL,NULL,2000,0,0,60,50,45),(65,5,236,'fertilizer','2016-09-03 08:57:21','2016-08-31 22:29:01',0,0,0,0,NULL,NULL,2000,0,0,60,50,45),(66,1,907,'fertilizer','2016-09-03 08:57:21','2016-08-31 22:29:01',0,0,0,0,NULL,NULL,2000,0,0,60,50,45),(67,3,258,'land','2016-09-03 08:57:21','2016-08-31 22:29:01',0,0,0,0,NULL,NULL,2000,0,0,60,50,45),(68,1,219,'seed','2016-09-03 08:57:21','2016-08-31 22:29:01',0,0,0,0,NULL,NULL,2000,0,0,60,50,45),(69,3,331,'fertilizer','2016-09-03 08:57:21','2016-08-31 22:29:01',0,0,0,0,NULL,NULL,2000,0,0,60,50,45),(70,1,489,'seed','2016-09-03 08:57:21','2016-08-31 22:29:02',0,0,0,0,NULL,NULL,2000,0,0,60,50,45),(71,1,101,'fertilizer','2016-09-03 08:57:21','2016-08-31 22:29:02',0,0,0,0,NULL,NULL,2000,0,0,60,50,45),(72,5,978,'seed','2016-09-03 08:57:21','2016-08-31 22:29:02',0,0,0,0,NULL,NULL,2000,0,0,60,50,45),(73,2,263,'fertilizer','2016-09-03 08:57:21','2016-08-31 22:29:02',0,0,0,0,NULL,NULL,2000,0,0,60,50,45),(74,1,246,'land','2016-09-03 08:57:21','2016-08-31 22:29:02',0,0,0,0,NULL,NULL,2000,0,0,60,50,45),(75,2,96,'land','2016-09-03 08:57:21','2016-08-31 22:29:02',0,0,0,0,NULL,NULL,2000,0,0,60,50,45),(76,4,989,'land','2016-09-03 08:57:21','2016-08-31 22:29:02',0,0,0,0,NULL,NULL,2000,0,0,60,50,45),(77,3,330,'seed','2016-09-03 08:57:21','2016-08-31 22:29:02',0,0,0,0,NULL,NULL,2000,0,0,60,50,45),(78,4,424,'seed','2016-09-03 08:57:21','2016-08-31 22:29:02',0,0,0,0,NULL,NULL,2000,0,0,60,50,45),(79,5,338,'fertilizer','2016-09-03 08:57:21','2016-08-31 22:29:02',0,0,0,0,NULL,NULL,2000,0,0,60,50,45),(80,2,540,'fertilizer','2016-09-03 08:57:21','2016-08-31 22:29:02',0,0,0,0,NULL,NULL,2000,0,0,60,50,45),(81,4,339,'fertilizer','2016-09-03 08:57:21','2016-08-31 22:29:02',0,0,0,0,NULL,NULL,2000,0,0,60,50,45),(82,5,383,'fertilizer','2016-09-03 08:57:21','2016-08-31 22:29:02',0,0,0,0,NULL,NULL,2000,0,0,60,50,45),(83,5,280,'seed','2016-09-03 08:57:21','2016-08-31 22:29:02',0,0,0,0,NULL,NULL,2000,0,0,60,50,45),(84,1,830,'seed','2016-09-03 08:57:21','2016-08-31 22:29:02',0,0,0,0,NULL,NULL,2000,0,0,60,50,45),(85,2,330,'land','2016-09-03 08:57:21','2016-08-31 22:29:02',0,0,0,0,NULL,NULL,2000,0,0,60,50,45),(86,3,960,'seed','2016-09-03 08:57:21','2016-08-31 22:29:02',0,0,0,0,NULL,NULL,2000,0,0,60,50,45),(87,3,1000,'fertilizer','2016-09-03 08:57:21','2016-08-31 22:29:02',0,0,0,0,NULL,NULL,2000,0,0,60,50,45),(88,4,158,'land','2016-09-03 08:57:21','2016-08-31 22:29:02',0,0,0,0,NULL,NULL,2000,0,0,60,50,45),(89,1,899,'land','2016-09-03 08:57:21','2016-08-31 22:29:02',0,0,0,0,NULL,NULL,2000,0,0,60,50,45),(90,3,703,'fertilizer','2016-09-03 08:57:21','2016-08-31 22:29:02',0,0,0,0,NULL,NULL,2000,0,0,60,50,45),(91,1,556,'land','2016-09-03 08:57:21','2016-08-31 22:29:02',0,0,0,0,NULL,NULL,2000,0,0,60,50,45),(92,2,269,'land','2016-09-03 08:57:21','2016-08-31 22:29:02',0,0,0,0,NULL,NULL,2000,0,0,60,50,45),(93,4,304,'land','2016-09-03 08:57:21','2016-08-31 22:29:02',0,0,0,0,NULL,NULL,2000,0,0,60,50,45),(94,1,457,'land','2016-09-03 08:57:21','2016-08-31 22:29:02',0,0,0,0,NULL,NULL,2000,0,0,60,50,45),(95,5,11,'fertilizer','2016-09-03 08:57:21','2016-08-31 22:29:02',0,0,0,0,NULL,NULL,2000,0,0,60,50,45),(96,1,185,'seed','2016-09-03 08:57:21','2016-08-31 22:29:02',0,0,0,0,NULL,NULL,2000,0,0,60,50,45),(97,1,884,'fertilizer','2016-09-03 08:57:21','2016-08-31 22:29:03',0,0,0,0,NULL,NULL,2000,0,0,60,50,45),(98,1,374,'land','2016-09-03 08:57:21','2016-08-31 22:29:03',0,0,0,0,NULL,NULL,2000,0,0,60,50,45),(99,2,848,'fertilizer','2016-09-03 08:57:21','2016-08-31 22:29:03',0,0,0,0,NULL,NULL,2000,0,0,60,50,45),(100,1,644,'seed','2016-09-03 08:57:21','2016-08-31 22:29:03',0,0,0,0,NULL,NULL,2000,0,0,60,50,45),(108,1,10,'seed','2016-09-03 09:05:18','2016-09-03 09:05:18',0,5,4,0,'desc','seed',2000,100,0,60,50,50),(109,1,10,'seed','2016-09-03 08:57:21','2016-09-02 11:39:50',0,5,4,0,'desc','seed',2000,100,0,60,50,45),(110,1,10,'fertilizer','2016-09-03 08:57:21','2016-09-02 11:43:50',0,5,4,0,'This is my first product on 2Sep 5pm','prod',2000,100,0,60,50,45),(111,1,10,'fertilizer','2016-09-03 08:57:21','2016-09-02 11:46:05',1,5,4,0,'asfa','prod',2000,100,0,60,50,45),(112,1,10,'fertilizer','2016-09-03 08:57:21','2016-09-02 11:48:23',1,5,4,0,'asfa','prod',2000,100,0,60,50,45),(113,5,10,'fertilizer','2016-09-03 08:57:21','2016-09-02 13:20:56',1,5,4,0,'desc','prod123',2000,NULL,10,60,50,45),(114,5,10,'fertilizer','2016-09-03 08:57:21','2016-09-02 13:35:25',1,5,4,0,'desc','new prod',2000,NULL,10,60,50,45),(115,1,10,'fertilizer','2016-09-03 08:57:21','2016-09-02 15:17:12',1,5,4,0,'desc','prod',2000,NULL,10,60,50,45),(116,1,10,'fertilizer','2016-09-03 08:57:21','2016-09-02 15:33:28',1,5,4,0,'desc','prod',2000,NULL,10,60,50,45),(117,4,10,'fertilizer','2016-09-03 08:57:21','2016-09-02 16:12:45',1,5,4,0,'desc','prodasfa ',2000,NULL,10,60,50,45);
/*!40000 ALTER TABLE `products` ENABLE KEYS */;
UNLOCK TABLES;

--
-- Table structure for table `purchases`
--

DROP TABLE IF EXISTS `purchases`;
/*!40101 SET @saved_cs_client     = @@character_set_client */;
/*!40101 SET character_set_client = utf8 */;
CREATE TABLE `purchases` (
  `id` int(11) NOT NULL AUTO_INCREMENT,
  `farmer_id` int(11) DEFAULT NULL,
  `product_id` int(11) DEFAULT NULL,
  `quantity` int(11) DEFAULT NULL,
  `created_at` timestamp NOT NULL DEFAULT CURRENT_TIMESTAMP ON UPDATE CURRENT_TIMESTAMP,
  `updated_at` timestamp NOT NULL DEFAULT '0000-00-00 00:00:00',
  PRIMARY KEY (`id`)
) ENGINE=InnoDB DEFAULT CHARSET=latin1;
/*!40101 SET character_set_client = @saved_cs_client */;

--
-- Dumping data for table `purchases`
--

LOCK TABLES `purchases` WRITE;
/*!40000 ALTER TABLE `purchases` DISABLE KEYS */;
/*!40000 ALTER TABLE `purchases` ENABLE KEYS */;
UNLOCK TABLES;

--
-- Table structure for table `seeds`
--

DROP TABLE IF EXISTS `seeds`;
/*!40101 SET @saved_cs_client     = @@character_set_client */;
/*!40101 SET character_set_client = utf8 */;
CREATE TABLE `seeds` (
  `id` int(11) NOT NULL AUTO_INCREMENT,
  `product_id` int(11) DEFAULT NULL,
  `created_at` timestamp NOT NULL DEFAULT CURRENT_TIMESTAMP ON UPDATE CURRENT_TIMESTAMP,
  `updated_at` timestamp NOT NULL DEFAULT '0000-00-00 00:00:00',
  `quality_factor` float(3,3) DEFAULT NULL,
  `storage_le` int(11) DEFAULT NULL,
  `GT` int(11) DEFAULT NULL,
  `fruit_name` varchar(50) DEFAULT NULL,
  `buy_price` int(11) DEFAULT NULL,
  `sell_price` int(11) DEFAULT NULL,
  `fruit_ET` int(11) DEFAULT NULL,
  `description` varchar(450) DEFAULT NULL,
  PRIMARY KEY (`id`)
) ENGINE=InnoDB AUTO_INCREMENT=127 DEFAULT CHARSET=latin1;
/*!40101 SET character_set_client = @saved_cs_client */;

--
-- Dumping data for table `seeds`
--

LOCK TABLES `seeds` WRITE;
/*!40000 ALTER TABLE `seeds` DISABLE KEYS */;
INSERT INTO `seeds` VALUES (101,1,'2016-08-31 23:02:20','2016-08-31 23:02:20',0.000,0,0,NULL,NULL,NULL,NULL,NULL),(102,2,'2016-08-31 23:02:20','2016-08-31 23:02:20',0.000,0,0,NULL,NULL,NULL,NULL,NULL),(103,14,'2016-08-31 23:02:20','2016-08-31 23:02:20',0.000,0,0,NULL,NULL,NULL,NULL,NULL),(104,20,'2016-08-31 23:02:20','2016-08-31 23:02:20',0.000,0,0,NULL,NULL,NULL,NULL,NULL),(105,22,'2016-08-31 23:02:20','2016-08-31 23:02:20',0.000,0,0,NULL,NULL,NULL,NULL,NULL),(106,27,'2016-08-31 23:02:20','2016-08-31 23:02:20',0.000,0,0,NULL,NULL,NULL,NULL,NULL),(107,32,'2016-08-31 23:02:20','2016-08-31 23:02:20',0.000,0,0,NULL,NULL,NULL,NULL,NULL),(108,33,'2016-08-31 23:02:20','2016-08-31 23:02:20',0.000,0,0,NULL,NULL,NULL,NULL,NULL),(109,35,'2016-08-31 23:02:21','2016-08-31 23:02:21',0.000,0,0,NULL,NULL,NULL,NULL,NULL),(110,36,'2016-08-31 23:02:21','2016-08-31 23:02:21',0.000,0,0,NULL,NULL,NULL,NULL,NULL),(111,43,'2016-08-31 23:02:21','2016-08-31 23:02:21',0.000,0,0,NULL,NULL,NULL,NULL,NULL),(112,46,'2016-08-31 23:02:21','2016-08-31 23:02:21',0.000,0,0,NULL,NULL,NULL,NULL,NULL),(113,53,'2016-08-31 23:02:21','2016-08-31 23:02:21',0.000,0,0,NULL,NULL,NULL,NULL,NULL),(114,59,'2016-08-31 23:02:21','2016-08-31 23:02:21',0.000,0,0,NULL,NULL,NULL,NULL,NULL),(115,60,'2016-08-31 23:02:21','2016-08-31 23:02:21',0.000,0,0,NULL,NULL,NULL,NULL,NULL),(116,63,'2016-08-31 23:02:21','2016-08-31 23:02:21',0.000,0,0,NULL,NULL,NULL,NULL,NULL),(117,68,'2016-08-31 23:02:21','2016-08-31 23:02:21',0.000,0,0,NULL,NULL,NULL,NULL,NULL),(118,70,'2016-08-31 23:02:21','2016-08-31 23:02:21',0.000,0,0,NULL,NULL,NULL,NULL,NULL),(119,72,'2016-08-31 23:02:21','2016-08-31 23:02:21',0.000,0,0,NULL,NULL,NULL,NULL,NULL),(120,77,'2016-08-31 23:02:22','2016-08-31 23:02:22',0.000,0,0,NULL,NULL,NULL,NULL,NULL),(121,78,'2016-08-31 23:02:22','2016-08-31 23:02:22',0.000,0,0,NULL,NULL,NULL,NULL,NULL),(122,83,'2016-08-31 23:02:22','2016-08-31 23:02:22',0.000,0,0,NULL,NULL,NULL,NULL,NULL),(123,84,'2016-08-31 23:02:22','2016-08-31 23:02:22',0.000,0,0,NULL,NULL,NULL,NULL,NULL),(124,86,'2016-08-31 23:02:22','2016-08-31 23:02:22',0.000,0,0,NULL,NULL,NULL,NULL,NULL),(125,96,'2016-08-31 23:02:22','2016-08-31 23:02:22',0.000,0,0,NULL,NULL,NULL,NULL,NULL),(126,100,'2016-08-31 23:02:22','2016-08-31 23:02:22',0.000,0,0,NULL,NULL,NULL,NULL,NULL);
/*!40000 ALTER TABLE `seeds` ENABLE KEYS */;
UNLOCK TABLES;

--
-- Table structure for table `users`
--

DROP TABLE IF EXISTS `users`;
/*!40101 SET @saved_cs_client     = @@character_set_client */;
/*!40101 SET character_set_client = utf8 */;
CREATE TABLE `users` (
  `id` int(11) NOT NULL AUTO_INCREMENT,
  `username` varchar(45) DEFAULT NULL,
  `password` varchar(200) DEFAULT NULL,
  `category` enum('farmer','investor','god') NOT NULL,
  `created_at` timestamp NOT NULL DEFAULT CURRENT_TIMESTAMP ON UPDATE CURRENT_TIMESTAMP,
  `updated_at` timestamp NOT NULL DEFAULT '0000-00-00 00:00:00',
  `remember_token` varchar(100) DEFAULT NULL,
  `prev_time` int(11) DEFAULT NULL,
  PRIMARY KEY (`id`)
) ENGINE=InnoDB AUTO_INCREMENT=62 DEFAULT CHARSET=latin1;
/*!40101 SET character_set_client = @saved_cs_client */;

--
-- Dumping data for table `users`
--

LOCK TABLES `users` WRITE;
/*!40000 ALTER TABLE `users` DISABLE KEYS */;
INSERT INTO `users` VALUES (32,'user1','$2y$10$DP16.wLUocdLp7NafO9XiuGst3EnFGz4sdifp525Rgj0hMr.TckIm','god','2016-09-02 15:33:52','2016-09-02 15:33:52',NULL,1472830432),(33,'user2','$2y$10$kO5OkVRiryHj1CmOf0qyi.iWKDYMqsbPDW8uChE3Qranw0ii0C3h2','god','2016-08-31 21:50:06','2016-08-31 21:50:06',NULL,NULL),(34,'user3','$2y$10$5rLTCcdwD578I8tuJHcqB.3qU3vjKdzfl7A8We8YSX7FV/JgFpmem','god','2016-09-03 08:51:32','2016-09-03 08:51:32','Jg2jBbjfr21u7fAadER8R1PIrA9ItFa99kuerzVKmfCg8inb5CWkVoto9Yh4',1472892692),(35,'user4','$2y$10$Ov473Vdj3lWTtzrAlcKCOeyMxzIlIhJtPgxA.s.R2.J8qNCqoBCYu','god','2016-09-02 18:21:33','2016-09-02 18:21:33','0u4SiX4Cj0E8a115xwcRJl0XHAnHKDyYSrGAd66paRlEuHnRGbxHtFEMSfAa',1472840493),(36,'user5','$2y$10$giJ6HSWeG8jYfCDBbxm3UOOzEdGhsOVE1.yBAUCFun6gQMgIxW94S','god','2016-08-31 21:50:06','2016-08-31 21:50:06',NULL,NULL),(37,'user6','$2y$10$RTbpoyk5WwAc87ncKGC09e22dntkqHxEdESeRWaL.ZhmGgmgn.f2.','investor','2016-09-03 09:08:50','2016-09-03 09:08:50','bVsLC11gqqTGn38WdMXp7300I39vtFqeawGc5ZnVpZT9rJsNbypagr9Z0eu4',1472829417),(38,'user7','$2y$10$2BTjwiHJF6b8GwTUnnwZi.sN3EGSWvk5LB1.XWUC.CoFPEqILo50K','investor','2016-08-31 21:50:07','2016-08-31 21:50:07',NULL,NULL),(39,'user8','$2y$10$HK0bMf.w7YFWAk22yQQNX.TByN1zyrDykcRLDTYAxEOFl28oCKOje','investor','2016-09-02 21:01:55','2016-09-02 21:01:55','aJy8yhX9cGJsbGJZIhqJCEwruuCzPQU7CHtmGv2TwhAw1ks4iAeMjYctiEC4',1472841070),(40,'user9','$2y$10$XbRaUc6Uar9Ul3dXdRINH.Ip3pDB9vRXv7MhwcHOvyhK473M6.ccO','investor','2016-08-31 21:50:07','2016-08-31 21:50:07',NULL,NULL),(41,'user10','$2y$10$jRDbEAZeN6HcMITp9q5h5.vy8umZKy40ZkdbCW9F3ai6EHe6zpCvm','investor','2016-08-31 21:50:07','2016-08-31 21:50:07',NULL,NULL),(42,'user11','$2y$10$G1/Zny3tqY/ZaA0RzbsFteX1aw32oLJfl0OYUCuA1jnH7Iflj4vlq','investor','2016-08-31 21:50:07','2016-08-31 21:50:07',NULL,NULL),(43,'user12','$2y$10$Fjz6qNyJIGFXPKtyzjkv9.tz2ONtpy1HFGvQ8hkD7qzEtkcsa8qzm','investor','2016-08-31 21:50:07','2016-08-31 21:50:07',NULL,NULL),(44,'user13','$2y$10$aL6iDpSqjO4mCZqbSjBBQ.3GIf/zbNmzWB7RoH/FgpGLdcsnDS3DC','investor','2016-08-31 21:50:07','2016-08-31 21:50:07',NULL,NULL),(45,'user14','$2y$10$pnwvd5/XEN3Oj3rllsHqMetXmFmxks5sRZz8d4MAdLl1AsgmKoCGK','investor','2016-08-31 21:50:07','2016-08-31 21:50:07',NULL,NULL),(46,'user15','$2y$10$Y0Pcni4B6KWiHyKc/c7PhunQwENacmrAxsV2mBXYZ7FxE.AjIzTBq','investor','2016-08-31 21:50:08','2016-08-31 21:50:08',NULL,NULL),(47,'user16','$2y$10$98ygVupbLaSOOeRjV2js7uKQDMlXRGqsBVEqKUKTryLeuEtvbXxvW','farmer','2016-08-31 21:50:08','2016-08-31 21:50:08',NULL,NULL),(48,'user17','$2y$10$CTP4R3O7mObwNgaJYTVJX.QJBoEJIVYAvenJ3IitfaLNij7tyMAp2','farmer','2016-08-31 21:50:08','2016-08-31 21:50:08',NULL,NULL),(49,'user18','$2y$10$VmFgtLS/0pmxRG6/MEIMt.zDkHbJyOsznznBMJzmeNDH3mbWiODGa','farmer','2016-08-31 21:50:08','2016-08-31 21:50:08',NULL,NULL),(50,'user19','$2y$10$XGoC6OvSQ0EEfayR5t9EM.uHJ4598pLOWj1GvSChVt4uG1lymev/W','farmer','2016-08-31 21:50:08','2016-08-31 21:50:08',NULL,NULL),(51,'user20','$2y$10$qiaMg2pL/IPkF..JwyNuhePp0CurWnJ8VDSByTAliry/3jOuAB9pS','farmer','2016-08-31 21:50:08','2016-08-31 21:50:08',NULL,NULL),(52,'user21','$2y$10$Y93QImuuRqKpZfpRmlq4UOEgk4axz5YDP6PPncHzOKBlPa5NzIPFe','farmer','2016-08-31 21:50:09','2016-08-31 21:50:09',NULL,NULL),(53,'user22','$2y$10$9vmhzoxP5e3xLyoAoQfpv./4T.pcpyl85iasZxb7XhllrrhN/8Kn2','farmer','2016-08-31 21:50:09','2016-08-31 21:50:09',NULL,NULL),(54,'user23','$2y$10$hk4UVZTldgN1B73or/ZGXOHR.RX30vk7pEFJrwwAj3LOCammVGZb.','farmer','2016-08-31 21:50:09','2016-08-31 21:50:09',NULL,NULL),(55,'user24','$2y$10$cIVAebQbTZbmrJ9m9PpvF.lGs4ggsOSoxYhNWZKGUrGvaLsPsaaK2','farmer','2016-08-31 21:50:09','2016-08-31 21:50:09',NULL,NULL),(56,'user25','$2y$10$54ulL4/1KMEm1..0lGLKVe0X9oMrgIayDtwmBwqJY2OYfWwsAW.nq','farmer','2016-08-31 21:50:09','2016-08-31 21:50:09',NULL,NULL),(57,'user26','$2y$10$T8t9HESEC2HRGAKIM3hgP.VbIv4LDmDa4E1zxrsJRB7v38020IqFi','farmer','2016-08-31 21:50:09','2016-08-31 21:50:09',NULL,NULL),(58,'user27','$2y$10$Mka3KLSOGAmDmIXArbMjqev.ybXqV6j42tCu6BsSeBdqR7/g52Jbm','farmer','2016-08-31 21:50:09','2016-08-31 21:50:09',NULL,NULL),(59,'user28','$2y$10$/YS4Gn1w16e.oc/TIhZIdeYq9l3ha.eVqDidWPMr9.1zC7Cx9f3q2','farmer','2016-08-31 21:50:09','2016-08-31 21:50:09',NULL,NULL),(60,'user29','$2y$10$7vBLBsWwOE784PbEZM8OFOdrrezrGAX8/38xKVXk2O81leNlb6jlK','farmer','2016-08-31 21:50:09','2016-08-31 21:50:09',NULL,NULL),(61,'user30','$2y$10$1S6YQnYiC8VZnXx4fRJoTu5ADCVlFvGXEjIkju3NXF6yObc1WCyxO','farmer','2016-09-02 18:23:14','2016-09-02 18:23:14',NULL,1472840594);
/*!40000 ALTER TABLE `users` ENABLE KEYS */;
UNLOCK TABLES;
/*!40103 SET TIME_ZONE=@OLD_TIME_ZONE */;

/*!40101 SET SQL_MODE=@OLD_SQL_MODE */;
/*!40014 SET FOREIGN_KEY_CHECKS=@OLD_FOREIGN_KEY_CHECKS */;
/*!40014 SET UNIQUE_CHECKS=@OLD_UNIQUE_CHECKS */;
/*!40101 SET CHARACTER_SET_CLIENT=@OLD_CHARACTER_SET_CLIENT */;
/*!40101 SET CHARACTER_SET_RESULTS=@OLD_CHARACTER_SET_RESULTS */;
/*!40101 SET COLLATION_CONNECTION=@OLD_COLLATION_CONNECTION */;
/*!40111 SET SQL_NOTES=@OLD_SQL_NOTES */;

-- Dump completed on 2016-09-03 14:50:55
